retention_factor,food_code_org,food_code,food_name,primarysource,energy_kj,energy_kcal,carb_g,protein_g,fat_g,freesugar_g,fibre_g,sfa_mg,mufa_mg,pufa_mg,cholesterol_mg,calcium_mg,phosphorus_mg,magnesium_mg,sodium_mg,potassium_mg,iron_mg,copper_mg,selenium_ug,chromium_mg,manganese_mg,molybdenum_mg,zinc_mg,vita_ug,vite_mg,vitd2_ug,vitd3_ug,vitk1_ug,vitk2_ug,folate_ug,vitb1_mg,vitb2_mg,vitb3_mg,vitb5_mg,vitb6_mg,vitb7_ug,vitb9_ug,vitc_mg,carotenoids_ug
,UK-13-146,G509,"Agar, dried",ukfct,67,16,Tr,1.3,1.2,Tr,, 300.00, 100.00, 400.00,0.0,760,50,620,110,110,20.60,N,N,NA,4.30,NA,14.4,0,Tr,NA,NA,,NA,0,0.01,0.22,0.2,Tr,Tr,Tr,0,0,0
151,UK-14-001,E507,Amla,ukfct,243,58,13.7,0.5,0.1,N,,Tr,Tr,Tr,0.0,50,20,N,5,230,1.20,0.18,N,NA,N,NA,N,0,N,NA,NA,,NA,N,0.03,0.01,0.2,N,N,N,N,N,9
,UK-14-331,V500,"Apple juice, clear, ambient and chilled",ukfct,157,37,9.7,0.1,Tr,9.7,Tr,Tr,Tr,Tr,0.0,6,6,4,3,89,0.06,0.01,Tr,NA,0.03,NA,Tr,0,Tr,NA,NA,,NA,1,0.05,0.02,0.2,0.05,0.05,0.9,1,26,Tr
1456,UK-19-497,O500,"Bacon rashers, back, raw",ukfct,891,215,0.0,16.5,16.5,0.0,0.0,6200.00,6900.00,2200.00,53.0,5,150,17,1140,300,0.40,0.06,8,NA,0.01,NA,1.2,Tr,0.02,NA,NA,,NA,3,0.63,0.11,5.6,1.00,0.46,2.0,3,1,Tr
,UK-17-355,K500,Baking powder,ukfct,693,163,37.8,5.2,0.0,0.0,0.0,   0.00,   0.00,   0.00,0.0,1130,8430,9,11800,49,Tr,Tr,Tr,NA,Tr,NA,2.8,0,Tr,NA,NA,,NA,Tr,Tr,Tr,Tr,Tr,Tr,Tr,Tr,0,0
151,UK-14-347,E503,"Bananas, raw, flesh only, weighed with skin",ukfct,217,51,12.8,0.8,Tr,11.4,0.9,  30.00,Tr,  30.00,0.0,4,14,17,Tr,208,0.17,0.06,Tr,NA,0.23,NA,0.1,0,0.10,NA,NA,0.04,NA,9,0.09,0.03,0.5,0.22,0.20,1.6,9,5,16
,UK-13-805,G511,"Basil, dried, ground",ukfct,1051,251,43.2,14.4,4.0,N,,N,N,N,0.0,2110,490,420,34,3430,42.00,1.37,N,NA,3.20,NA,5.8,0,N,NA,NA,,NA,0,0.15,0.32,6.9,N,N,N,0,0,5630
,UK-13-806,G512,"Bay leaf, dried",ukfct,1312,313,48.6,7.6,8.4,N,,2300.00,1600.00,2300.00,0.0,830,110,120,23,530,43.00,0.42,N,NA,8.20,NA,3.7,0,N,NA,NA,,NA,0,0.01,0.42,2.0,N,N,N,0,0,3710
3776,UK-13-064,D508,"Beans, broad, whole, raw",ukfct,247,59,7.2,5.7,1.0,1.3,, 100.00, 100.00, 500.00,0.0,23,130,24,1,310,0.90,0.11,N,NA,0.20,NA,0.9,0,0.46,NA,NA,,NA,145,0.04,0.04,3.2,4.94,0.06,2.7,145,32,170
504,UK-13-074,B500,"Beans, chick peas, Kabuli, whole, dried, raw",ukfct,1355,320,49.6,21.3,5.4,2.6,, 500.00,1100.00,2700.00,0.0,160,310,130,39,1000,5.50,0.95,2,NA,2.40,NA,3.0,0,2.88,NA,NA,8.92,NA,180,0.39,0.24,1.9,1.59,0.53,N,180,Tr,60
504,UK-13-580,B501,"Beansprouts, mung, boiled in unsalted water",ukfct,104,25,2.8,2.5,0.5,1.4,, 100.00, 100.00, 200.00,0.0,19,37,14,4,46,2.20,0.01,N,NA,0.10,NA,0.3,0,N,NA,NA,,NA,17,0.09,0.05,0.3,0.24,0.07,N,17,2,46
,UK-17-356,K501,Bicarbonate of soda,ukfct,0,0,0.0,0.0,0.0,0.0,,   0.00,   0.00,   0.00,0.0,0,0,0,27380,0,0.00,0.00,0,NA,0.00,NA,0.0,0,0.00,NA,NA,,NA,0,0.00,0.00,0.0,0.00,0.00,0.0,0,0,0
,UK-11-799,U500,"Biscuits, digestive, plain",ukfct,1943,463,65.6,6.2,21.3,17.5,3.8,7710.00,10190.00,2280.00,2.4,95,119,31,561,215,1.80,0.21,4,NA,0.91,NA,0.9,0,5.32,NA,NA,1.51,NA,11,0.12,0.02,1.9,0.48,0.07,3.5,11,0,0
151,UK-14-325,E500,Blueberries,ukfct,169,40,9.1,0.9,0.2,9.1,1.5,  20.00,  40.00, 110.00,0.0,10,16,5,2,66,0.55,0.06,Tr,NA,0.69,NA,0.1,0,0.94,NA,NA,,NA,8,0.04,0.04,0.3,0.20,0.01,1.5,8,6,14
301,UK-11-971,U501,"Bread, brown, average",ukfct,882,207,42.1,7.9,2.0,3.4,5.0, 430.00, 430.00, 650.00,0.0,186,157,45,400,216,2.20,0.17,4,NA,1.14,NA,1.3,0,0.01,NA,NA,,NA,45,0.22,0.07,2.8,0.46,0.17,3.0,45,0,0
301,UK-11-1136,U502,"Bread, brown, toasted",ukfct,1131,266,54.0,10.1,2.6,4.4,6.4, 550.00, 550.00, 830.00,0.0,238,201,58,513,277,2.82,0.22,5,NA,1.46,NA,1.7,0,0.01,NA,NA,,NA,29,0.24,0.08,3.4,0.44,0.16,3.8,29,0,0
301,UK-11-1145,U511,"Bread, white, average",ukfct,1004,236,48.7,8.7,2.1,3.0,2.9,N,N,N,0.0,155,96,22,400,134,1.50,0.14,7,NA,0.49,NA,0.7,0,0.08,NA,NA,,NA,29,0.22,0.07,1.6,N,0.07,N,29,0,0
352,UK-11-938,A501,"Breakfast cereal, crunchy clusters type, without nuts, unfortified",ukfct,1687,399,71.0,7.2,11.6,25.3,7.2,4150.00,4470.00,2330.00,N,40,232,72,41,310,2.68,0.30,6,NA,2.11,NA,1.6,0,1.38,NA,NA,,NA,90,1.02,1.06,4.0,0.32,0.17,8.9,90,Tr,Tr
3006,UK-13-502,C500,"Broccoli, green, raw",ukfct,146,34,3.2,4.3,0.6,1.9,4.0, 150.00,  70.00, 250.00,0.0,48,81,22,9,397,1.06,0.08,1,NA,0.28,NA,0.7,0,1.72,NA,NA,185.00,NA,95,0.15,0.12,0.8,0.61,0.13,4.1,95,79,581
,UK-11-006,A514,"Buckwheat, groats",ukfct,1522,364,84.9,8.1,1.5,0.4,,,,,,12,150,48,1,220,2.00,0.70,9,NA,1.60,NA,2.6,,Tr,NA,NA,,NA,N,0.28,0.07,2.8,1.20,0.40,N,N,0,
,UK-17-685,T500,"Butter, salted",ukfct,3059,744,0.6,0.6,82.2,0.6,0.0,52090.00,20910.00,2830.00,213.2,18,23,2,730,27,Tr,0.01,Tr,NA,Tr,NA,0.1,958,1.85,NA,NA,7.40,NA,Tr,Tr,0.07,Tr,0.05,Tr,0.2,Tr,Tr,608
,UK-17-661,T501,"Butter, unsalted",ukfct,3059,744,0.6,0.6,82.2,0.6,0.0,52090.00,20910.00,2830.00,213.0,18,23,2,8,27,Tr,0.01,Tr,NA,Tr,NA,0.1,958,1.85,NA,NA,7.40,NA,Tr,Tr,0.07,Tr,0.05,Tr,0.2,Tr,Tr,608
1,UK-12-346,L500,"Cheese, Cheddar, English",ukfct,1725,416,0.1,25.4,34.9,0.1,0.0,21680.00,9430.00,1100.00,97.0,739,505,29,723,75,0.30,0.03,6,NA,0.03,NA,4.1,364,0.52,NA,NA,4.70,NA,31,0.03,0.39,0.1,0.50,0.15,4.4,31,Tr,141
1,UK-12-539,L502,"Cheese, cottage, plain",ukfct,431,103,3.1,9.4,6.0,3.1,0.0,3240.00,1720.00, 210.00,22.0,127,171,13,250,161,Tr,Tr,4,NA,Tr,NA,0.6,64,0.14,NA,NA,,NA,22,0.05,0.24,0.2,0.30,0.05,5.1,22,Tr,18
1,UK-12-525,L506,"Cheese, Feta",ukfct,1037,250,1.5,15.6,20.2,1.5,0.0,13700.00,4100.00, 600.00,70.0,360,280,20,1000,95,0.20,0.07,5,NA,Tr,NA,0.9,220,0.37,NA,NA,,NA,23,0.04,0.21,0.2,0.36,0.07,2.4,23,Tr,33
1,UK-12-360,L503,"Cheese, Mozzarella, fresh",ukfct,1067,257,Tr,18.6,20.3,Tr,0.0,13750.00,5040.00, 760.00,58.0,362,267,15,395,51,Tr,Tr,6,NA,0.02,NA,2.7,258,0.31,NA,NA,,NA,20,0.03,0.40,0.1,0.25,0.10,2.2,20,Tr,152
1,UK-12-527,L505,"Cheese, processed, plain",ukfct,1234,297,5.0,17.8,23.0,5.0,0.0,14320.00,6340.00, 830.00,85.0,610,768,27,1000,178,0.50,Tr,5,NA,0.04,NA,2.6,270,0.55,NA,NA,1.60,NA,15,0.06,0.25,0.1,0.60,0.07,5.6,15,Tr,95
1,UK-12-176,L511,"Cheese, Ricotta",ukfct,599,144,2.0,9.4,11.0,2.0,,6900.00,2700.00, 500.00,50.0,240,170,13,100,110,0.40,N,N,NA,Tr,NA,1.3,185,0.03,NA,NA,,NA,N,0.02,0.19,0.1,N,0.03,N,N,Tr,92
151,UK-14-335,E511,"Cherries, glace",ukfct,1256,294,78.1,0.4,Tr,N,N,Tr,Tr,Tr,0.0,56,9,5,27,24,0.90,0.08,Tr,NA,Tr,NA,0.1,0,Tr,NA,NA,,NA,Tr,Tr,Tr,Tr,Tr,Tr,Tr,Tr,Tr,7
151,UK-14-069,E504,"Cherries, West Indian, flesh only",ukfct,102,24,5.0,0.4,0.4,5.0,,N,N,N,0.0,11,15,18,5,110,0.20,N,N,NA,N,NA,N,0,N,NA,NA,,NA,N,0.02,0.07,0.4,0.31,0.01,N,N,1720,315
856,UK-18-304,N500,"Chicken, whole, corn-fed, raw, meat and skin, weighed with bone",ukfct,589,142,0.0,12.2,10.3,0.0,,3000.00,4500.00,2100.00,64.0,5,120,14,50,180,0.30,0.04,8,NA,0.01,NA,0.7,36,0.08,NA,NA,,NA,4,0.04,0.08,4.9,0.71,0.30,1.0,4,0,Tr
,UK-13-873,G516,Chilli powder,ukfct,N,N,N,13.5,14.3,7.2,34.8,2460.00,3210.00,8010.00,0.0,330,300,149,4000,1950,17.30,1.00,N,NA,1.70,NA,4.3,0,N,NA,NA,105.70,NA,28,0.25,0.94,11.6,0.89,2.10,N,28,1,17790
,UK-17-719,G517,Chilli sauce,ukfct,169,40,7.3,1.3,0.8,6.9,2.2,Tr,Tr,Tr,0.0,17,28,15,1250,140,2.80,0.07,Tr,NA,0.17,NA,0.1,0,1.97,NA,NA,,NA,10,0.01,0.09,0.6,0.22,0.10,1.0,10,8,570
,UK-17-491,I509,"Chocolate, plain",ukfct,2137,510,63.5,5.0,28.0,62.6,N,16800.00,9000.00,1000.00,6.0,33,140,89,6,300,2.30,0.71,4,NA,0.63,NA,1.3,15,1.44,NA,NA,2.30,NA,12,0.04,0.06,0.4,0.30,0.03,3.0,12,0,15
,UK-13-874,G518,"Cinnamon, ground",ukfct,N,N,N,4.0,1.2,2.2,53.1, 350.00, 250.00,  70.00,0.0,1002,64,60,10,431,8.32,0.34,3,NA,17.47,NA,1.8,0,N,NA,NA,31.20,NA,6,0.02,0.04,1.3,0.36,0.16,N,6,4,177
,UK-12-545,V501,Cocoa powder,ukfct,1301,312,11.5,18.5,21.7,Tr,N,12800.00,7200.00, 600.00,0.0,130,660,520,N,1500,10.50,3.90,N,NA,N,NA,6.9,0,0.68,NA,NA,1.50,NA,38,0.16,0.06,1.7,N,0.07,N,38,0,40
2203,UK-14-820,H501,Coconut milk,ukfct,95,22,4.9,0.3,0.3,4.9,, 200.00,Tr,Tr,0.0,29,30,30,110,280,0.10,0.04,N,NA,N,NA,0.1,0,Tr,NA,NA,,NA,N,0.03,0.06,0.1,0.04,0.03,N,N,2,0
,UK-17-158,V502,"Coffee, powder, instant",ukfct,320,75,4.5,14.6,Tr,0.0,0.0,Tr,Tr,Tr,0.0,140,310,330,81,3780,4.60,0.62,9,NA,2.10,NA,1.1,0,Tr,NA,NA,4.30,NA,11,0.04,0.21,24.8,Tr,0.02,67.0,11,0,N
,UK-17-175,V503,Cola,ukfct,174,41,10.9,Tr,0.0,10.9,0.0,   0.00,   0.00,   0.00,0.0,6,30,1,5,1,Tr,Tr,Tr,NA,Tr,NA,Tr,0,0.00,NA,NA,,NA,0,0.00,0.00,0.0,0.00,0.00,0.0,0,0,0
,UK-11-901,A502,"Couscous, plain, raw",ukfct,1549,364,79.2,12.0,2.1,2.3,3.7, 300.00, 260.00, 840.00,0.0,28,238,59,4,287,2.00,0.36,5,NA,1.07,NA,1.8,0,0.13,NA,NA,,NA,28,0.28,0.06,2.6,0.59,0.15,3.2,28,0,0
151,UK-14-073,E501,Cranberries,ukfct,65,15,3.4,0.4,0.1,3.4,,Tr,Tr,Tr,0.0,12,11,7,2,95,0.70,0.05,Tr,NA,0.10,NA,0.2,0,N,NA,NA,,NA,2,0.03,0.02,0.1,0.22,0.07,N,2,13,22
,UK-17-358,U505,Cream of tartar,ukfct,1005,239,0.0,0.0,0.0,0.0,,   0.00,   0.00,   0.00,0.0,0,0,0,0,20780,0.00,0.00,0,NA,0.00,NA,0.0,0,0.00,NA,NA,,NA,0,0.00,0.00,0.0,0.00,0.00,0.0,0,0,0
,UK-12-332,L519,"Cream, fresh, single",ukfct,798,193,2.2,3.3,19.1,2.2,0.0,12150.00,5070.00, 630.00,55.0,89,79,8,29,104,Tr,Tr,N,NA,Tr,NA,0.3,291,0.47,NA,NA,,NA,5,0.03,0.19,0.1,0.30,0.03,2.8,5,1,169
,UK-12-333,L512,"Cream, fresh, whipping",ukfct,1568,381,2.7,2.0,40.3,2.7,0.0,25230.00,11690.00,1130.00,105.0,58,59,6,25,86,Tr,Tr,N,NA,Tr,NA,0.2,399,1.32,NA,NA,,NA,7,0.02,0.17,Tr,0.22,0.04,1.4,7,1,247
3776,UK-13-234,D500,"Curly kale, raw",ukfct,140,33,1.4,3.4,1.6,1.3,N, 200.00, 100.00, 900.00,0.0,130,61,34,43,450,1.70,0.03,2,NA,0.80,NA,0.4,0,1.70,NA,NA,623.00,NA,120,0.08,0.09,1.0,0.09,0.26,0.5,120,110,3145
151,UK-14-074,E510,Currants,ukfct,1139,267,67.8,2.3,0.4,67.8,,N,N,N,0.0,93,71,30,14,720,1.30,0.81,N,NA,0.70,NA,0.3,0,N,NA,NA,,NA,4,0.16,0.05,0.9,0.07,0.23,4.8,4,Tr,6
,UK-13-876,G520,Curry powder,ukfct,979,233,26.1,9.5,10.8,N,N,N,N,N,0.0,640,270,280,450,1830,58.30,1.04,N,NA,4.70,NA,4.1,0,N,NA,NA,,NA,56,0.25,0.28,3.5,N,0.10,N,56,1,100
,UK-11-1138,K503,Custard powder,ukfct,1508,354,92.0,0.6,0.7,Tr,N, 100.00, 100.00, 300.00,0.0,2,17,2,378,3,0.10,0.05,Tr,NA,N,NA,0.5,0,Tr,NA,NA,,NA,2,0.02,Tr,Tr,Tr,Tr,Tr,2,0,0
,UK-17-299,X508,"Dips, sour-cream based, assorted flavours",ukfct,1482,360,4.0,2.9,37.0,2.0,N,N,N,N,60.0,72,79,10,330,130,0.40,0.98,Tr,NA,0.10,NA,0.9,N,N,NA,NA,,NA,N,N,N,N,N,N,N,N,N,N
,UK-17-701,X510,"Dressing, French",ukfct,1384, 335,  11.7,   0.3,32.2,   6.7,0.5,N,N,N,0.0,N,N,N,600,N,N,N,N,NA,N,NA,N,0,N,NA,NA,,NA,0,0.00,0.00,0.0,0.00,0.00,0.0,0,0,0
,UK-17-717,X509,"Dressing, thousand island",ukfct,873,210,15.9,0.7,16.4,13.4,0.4,2040.00,6380.00,6960.00,N,24,34,9,470,130,0.30,0.05,1,NA,0.07,NA,0.2,N,4.40,NA,NA,,NA,4,0.01,0.02,0.1,0.10,0.02,1.0,4,Tr,N
,UK-17-498,V504,"Drinking chocolate, powder",ukfct,1598,377,79.7,6.4,5.8,77.7,N,3410.00,1810.00, 290.00,0.0,39,193,132,228,495,3.50,3.69,N,NA,1.00,NA,5.6,0,0.41,NA,NA,,NA,7,0.02,0.06,0.6,0.30,0.01,9.0,7,0,N
,UK-17-672,V505,"Energy drink, carbonated",ukfct,178,42,11.1,Tr,0.0,11.1,0.0,   0.00,   0.00,   0.00,0.0,N,N,N,60,N,N,N,N,NA,N,NA,N,0,0.00,NA,NA,,NA,N,N,N,N,N,N,Tr,N,N,N
,UK-13-827,G510,Fennel seeds,ukfct,N,N,N,15.8,14.9,N,, 500.00,9900.00,1700.00,0.0,1200,510,390,88,1660,12.30,1.07,N,NA,6.50,NA,3.7,0,N,NA,NA,,NA,0,0.41,0.35,10.3,N,N,N,0,0,81
,UK-11-1045,A503,"Flour, corn",ukfct,1508,354,92.0,0.6,0.7,Tr,N, 100.00, 100.00, 300.00,0.0,2,17,2,11,3,0.10,Tr,Tr,NA,N,NA,0.5,0,Tr,NA,NA,,NA,2,0.02,Tr,Tr,Tr,Tr,Tr,2,0,0
,UK-11-896,A504,"Flour, gram",ukfct,1498,353,57.0,22.7,5.4,2.3,10.1, 610.00,1010.00,2800.00,0.0,58,220,62,2,297,2.63,0.27,4,NA,1.64,NA,1.5,0,2.54,NA,NA,8.92,NA,193,0.45,0.17,1.9,1.24,0.45,8.4,193,Tr,32
,UK-11-021,A505,"Flour, rice",ukfct,1531,366,80.1,6.4,0.8,N,,,,,,24,130,23,5,240,1.90,0.20,N,NA,N,NA,N,,N,NA,NA,,NA,N,0.10,0.05,2.1,N,0.20,N,N,0,
,UK-11-898,B503,"Flour, soya",ukfct,1711,409,18.7,34.3,22.4,6.4,18.0,2740.00,3810.00,11360.00,0.3,182,668,245,1,1867,8.42,1.31,7,NA,2.43,NA,4.1,0,4.33,NA,NA,25.30,NA,245,0.38,0.26,1.9,1.79,0.40,14.0,245,0,Tr
151,UK-14-336,E516,"Fruit cocktail, canned in juice, whole contents",ukfct,194,45,  11.7,0.4,Tr,  11.7,N,Tr,Tr,Tr,0.0,9,14,7,3,95,0.40,0.04,Tr,NA,0.10,NA,0.1,0,N,NA,NA,,NA,6,0.01,0.01,0.3,0.05,0.04,0.3,6,14,54
,UK-14-097,V506,"Fruit cocktail, canned in syrup, whole contents",ukfct,244,57,14.8,0.4,Tr,14.8,N,Tr,Tr,Tr,0.0,5,9,5,3,95,0.30,0.02,Tr,NA,0.10,NA,0.1,0,N,NA,NA,,NA,5,0.02,0.01,0.4,0.05,0.03,0.1,5,4,54
,UK-17-847,V507,"Fruit juice drink/squash, diluted",ukfct,29,7,1.8,0.0,Tr,1.8,Tr,Tr,Tr,Tr,0.0,1,0,0,8,5,Tr,Tr,Tr,NA,Tr,NA,Tr,0,N,NA,NA,,NA,0,Tr,Tr,0.0,Tr,0.00,Tr,0,N,138
,UK-17-738,V508,"Fruit juice drink/squash, undiluted",ukfct,144,34,8.9,0.1,Tr,8.9,Tr,Tr,Tr,Tr,0.0,6,2,1,40,27,Tr,Tr,Tr,NA,Tr,NA,Tr,0,N,NA,NA,,NA,2,Tr,Tr,0.1,Tr,0.01,Tr,2,N,690
,UK-13-829,G523,Garam masala,ukfct,1592,379,45.2,15.6,15.1,N,N,N,N,N,0.0,760,390,330,97,1450,32.60,1.62,N,NA,6.00,NA,3.8,0,N,NA,NA,,NA,0,0.35,0.33,2.5,N,N,N,0,0,340
3776,UK-13-830,G524,Garlic powder,ukfct,1045,246,42.7,18.7,1.2,4.2,, 200.00,Tr, 400.00,0.0,65,220,61,19,1360,3.90,0.15,5,NA,1.00,NA,2.6,0,0.03,NA,NA,,NA,0,N,0.12,0.7,N,0.99,N,0,0,Tr
,UK-17-360,K504,Gelatine,ukfct,1435,338,0.0,84.4,0.0,0.0,0.0,   0.00,   0.00,   0.00,0.0,250,32,15,330,7,2.10,0.05,19,NA,0.13,NA,0.2,0,0.00,NA,NA,,NA,Tr,Tr,Tr,Tr,Tr,Tr,Tr,Tr,0,0
,UK-17-640,T506,"Ghee, butter",ukfct,3611,878,Tr,0.1,97.6,Tr,0.0,58420.00,25700.00,4560.00,246.0,1,Tr,Tr,1,Tr,Tr,Tr,Tr,NA,Tr,NA,Tr,922,5.76,NA,NA,,NA,0,0.00,Tr,Tr,Tr,Tr,Tr,0,0,1863
,UK-13-246,D505,"Gherkins, pickled, drained",ukfct,61,14,2.6,0.9,0.1,2.4,1.5,Tr,Tr,Tr,0.0,20,22,11,690,110,0.70,0.10,N,NA,0.10,NA,0.3,0,N,NA,NA,,NA,6,Tr,0.02,0.1,N,N,N,6,1,2
3776,UK-13-832,G554,"Ginger, ground",ukfct,1208,284,60.0,7.4,3.3,19.8,14.1,1570.00, 950.00, 120.00,0.0,97,140,130,34,910,46.80,0.45,N,NA,28.00,NA,4.7,0,N,NA,NA,,NA,0,0.05,0.19,5.1,1.27,1.01,N,0,0,220
1522,UK-19-496,O501,Ham,ukfct,451,107,1.0,18.4,3.3,1.0,0.1,1100.00,1390.00, 520.00,58.0,7,340,24,800,340,0.70,0.12,11,NA,0.01,NA,1.8,Tr,0.04,NA,NA,,NA,19,0.80,0.17,6.5,1.03,0.61,3.0,19,Tr,Tr
2203,UK-14-874,H502,"Hazelnuts, kernel only",ukfct,2685,650,6.0,14.1,63.5,4.0,6.9,4550.00,49230.00,6620.00,0.0,140,300,160,6,730,3.20,1.23,2,NA,4.90,NA,2.1,0,24.98,NA,NA,,NA,72,0.43,0.16,1.1,1.51,0.59,76.0,72,0,0
,UK-17-050,I507,Honey,ukfct,1229,288,76.4,0.4,0.0,76.4,0.0,   0.00,   0.00,   0.00,0.0,5,17,2,11,51,0.40,0.05,1,NA,0.30,NA,0.9,0,0.00,NA,NA,,NA,N,Tr,0.05,0.2,N,N,N,N,0,0
,UK-12-508,I501,"Ice cream, dairy, vanilla, soft scoop",ukfct,711,169,22.0,3.2,8.2,22.0,0.2,5190.00,2130.00, 320.00,29.4,104,85,13,63,163,0.06,0.02,1,NA,Tr,NA,0.3,91,0.49,NA,NA,,NA,6,0.10,0.28,0.2,1.05,0.04,2.2,6,1,45
,UK-12-237,W501,"Jelly, made with water",ukfct,260,61,15.1,1.2,Tr,15.1,0.0,   0.00,   0.00,   0.00,0.0,7,1,Tr,5,5,0.40,0.01,N,NA,N,NA,N,0,0.00,NA,NA,,NA,0,0.00,0.00,0.0,0.00,0.00,0.0,0,0,0
151,UK-14-371,E502,"Kiwi fruit, flesh only, raw",ukfct,185,44,8.6,0.8,0.9,8.3,2.7,  70.00, 100.00, 520.00,0.0,33,33,13,1,289,0.22,0.17,Tr,NA,0.08,NA,0.1,0,2.17,NA,NA,,NA,33,Tr,Tr,0.3,0.42,0.09,N,33,71,40
1056,UK-18-481,O502,"Lamb, mince, raw",ukfct,817,196,0.0,19.1,13.3,0.0,0.0,6200.00,5300.00, 600.00,77.0,17,190,21,69,310,1.60,0.08,2,NA,0.01,NA,3.5,5,0.18,NA,NA,,NA,2,0.12,0.18,4.8,0.90,0.20,2.0,2,0,Tr
151,UK-14-130,E520,"Lemons, flesh only, raw, weighed with peel and pips",ukfct,38,9,1.4,0.5,0.2,1.4,, 100.00,Tr, 100.00,0.0,17,10,6,2,90,0.30,Tr,1,NA,N,NA,0.1,0,N,NA,NA,,NA,7,0.03,0.01,0.1,0.12,0.05,N,7,34,4
,UK-17-078,W502,Marmalade,ukfct,1114,261,69.5,0.1,0.0,69.5,0.5,   0.00,   0.00,   0.00,0.0,26,6,3,64,35,0.20,0.03,1,NA,0.01,NA,0.1,0,Tr,NA,NA,,NA,5,Tr,Tr,Tr,Tr,Tr,Tr,5,10,50
,UK-17-654,L507,"Mayonnaise, standard, retail",ukfct,2824,686,2.4,1.1,74.8,2.4,0.0,5650.00,45550.00,19930.00,57.2,2,5,Tr,131,4,0.16,Tr,Tr,NA,Tr,NA,0.1,78,22.10,NA,NA,,NA,9,Tr,0.10,Tr,0.15,0.09,0.7,9,Tr,Tr
2203,UK-14-826,H500,Melon seeds,ukfct,2418,583,9.9,28.5,47.7,N,,12000.00,8300.00,26200.00,0.0,71,690,510,99,650,7.60,2.39,N,NA,2.30,NA,4.0,0,N,NA,NA,,NA,58,0.17,0.15,2.1,N,N,N,58,Tr,Tr
2151,UK-12-520,L508,"Milk, condensed, whole, sweetened",ukfct,1310, 310,55.5,   7.4,8.0,55.5,0.0,4990.00,2300.00, 240.00,29.0,290,240,29,90,360,0.23,Tr,3,NA,Tr,NA,1.0,110,0.19,NA,NA,0.36,NA,15,0.09,0.46,0.3,0.85,0.07,3.9,15,4,70
2151,UK-12-324,L509,"Milk, evaporated, light",ukfct,449,107,10.3,7.8,4.1,10.3,0.0,2500.00,1090.00, 150.00,16.9,260,233,25,115,336,Tr,Tr,3,NA,Tr,NA,1.0,50,0.11,NA,NA,,NA,8,0.07,0.42,0.2,0.75,0.04,4.0,8,1,21
2151,UK-12-521,L510,"Milk, skimmed, dried, fortified",ukfct,1482,348,52.9,36.1,0.6,52.9,0.0, 400.00, 200.00,Tr,12.0,1280,970,130,550,1590,0.27,Tr,11,NA,Tr,NA,4.0,550,0.01,NA,NA,,NA,51,0.38,1.63,1.0,3.28,0.60,20.1,51,13,5
,UK-17-811,X512,"Mint sauce, homemade",ukfct,358,85,19.4,0.8,0.1,N,N,Tr,Tr,Tr,0.0,39,17,0,5,59,1.73,N,N,NA,0.25,NA,N,0,0.87,NA,NA,,NA,19,0.02,0.06,0.2,N,N,N,19,5,129
,UK-13-886,G515,Mixed curry spices,ukfct,N,N,N,13.2,13.3,N,N,N,N,N,0.0,490,319,234,1154,1878,32.33,1.09,N,NA,3.50,NA,4.1,0,N,NA,NA,,NA,33,0.30,0.69,6.9,N,N,N,33,1,11946
,UK-13-884,G521,"Mixed herbs, dried",ukfct,1092,261,36.3,12.1,8.5,N,N,N,N,N,0.0,1653,235,280,81,1873,68.97,0.73,N,NA,9.84,NA,4.6,0,N,NA,NA,,NA,N,N,0.34,5.0,N,N,N,N,43,8100
,UK-17-362,G533,Mustard powder,ukfct,1884,452,20.7,28.9,28.7,N,N,1500.00,19800.00,5400.00,0.0,330,180,260,5,940,9.50,0.20,N,NA,1.70,NA,6.5,0,N,NA,NA,,NA,0,N,N,N,N,N,N,0,0,N
,UK-17-031,T507,"Oil, coconut",ukfct,3696,899,0.0,Tr,99.9,0.0,0.0,86500.00,6000.00,1500.00,0.0,Tr,Tr,Tr,Tr,Tr,Tr,Tr,Tr,NA,Tr,NA,Tr,0,0.66,NA,NA,1.00,NA,Tr,Tr,Tr,Tr,Tr,Tr,Tr,Tr,0,Tr
,UK-17-038,T502,"Oil, olive",ukfct,3696,899,0.0,Tr,99.9,0.0,0.0,14300.00,73000.00,8200.00,0.0,Tr,Tr,Tr,Tr,Tr,0.40,0.01,Tr,NA,Tr,NA,Tr,0,5.10,NA,NA,57.50,NA,Tr,Tr,Tr,Tr,Tr,Tr,Tr,Tr,0,N
,UK-17-043,T509,"Oil, sesame",ukfct,3692,898,0.0,0.2,99.7,0.0,0.0,14600.00,37500.00,43400.00,0.0,10,N,Tr,2,20,0.10,Tr,Tr,NA,Tr,NA,Tr,0,N,NA,NA,,NA,Tr,0.01,0.07,0.1,Tr,Tr,Tr,Tr,0,Tr
,UK-17-045,T508,"Oil, sunflower",ukfct,3696,899,0.0,Tr,99.9,0.0,0.0,12000.00,20500.00,63300.00,0.0,Tr,Tr,Tr,Tr,Tr,0.10,0.01,Tr,NA,Tr,NA,Tr,0,49.22,NA,NA,6.30,NA,Tr,Tr,Tr,Tr,Tr,Tr,Tr,Tr,0,Tr
3776,UK-14-340,D504,"Olives, green, in brine, drained, flesh and skin",ukfct,422,103,Tr,0.9,11.0,Tr,N,1700.00,5700.00,1300.00,0.0,61,17,22,1330,91,1.00,0.23,N,NA,N,NA,N,0,1.99,NA,NA,,NA,Tr,Tr,Tr,Tr,0.02,0.02,Tr,Tr,0,180
151,UK-14-369,E518,"Orange juice, freshly squeezed",ukfct,140,33,8.1,0.6,Tr,8.1,N,Tr,Tr,Tr,0.0,12,22,12,2,180,0.30,Tr,Tr,NA,0.10,NA,Tr,0,0.35,NA,NA,,NA,28,0.08,0.02,0.2,0.27,0.05,1.0,28,48,55
,UK-13-878,G526,"Oregano, dried, ground",ukfct,N,N,N,9.0,4.3,4.1,42.5,1550.00, 720.00,1370.00,0.0,1597,148,270,25,1260,36.80,0.63,5,NA,4.99,NA,2.7,0,N,NA,NA,,NA,237,0.18,0.53,4.6,0.92,1.04,N,237,2,1021
,UK-13-879,G545,Paprika,ukfct,N,N,N,14.1,12.9,10.3,34.9,2140.00,1700.00,7770.00,0.0,229,314,178,68,2280,21.14,0.71,6,NA,1.59,NA,4.3,0,N,NA,NA,,NA,49,0.33,1.23,10.1,2.51,2.14,N,49,1,29553
381,UK-11-716,A507,"Pasta, white, dried, raw",ukfct,1461,343,75.6,11.3,1.6,2.1,N, 230.00, 180.00, 650.00,0.0,24,179,47,2,232,1.59,0.30,22,NA,0.77,NA,1.2,0,0.30,NA,NA,0.21,NA,19,0.17,0.03,3.3,0.80,0.14,1.0,19,0,0
151,UK-14-189,E508,"Peaches, canned in syrup, whole contents",ukfct,233,55,14.0,0.5,Tr,14.0,N,Tr,Tr,Tr,0.0,3,11,5,4,110,0.20,Tr,Tr,NA,Tr,NA,Tr,0,N,NA,NA,,NA,7,0.01,0.01,0.6,0.05,0.02,0.1,7,5,75
504,UK-14-892,B504,"Peanut butter, smooth",ukfct,2514,607,13.1,22.8,51.8,6.7,6.6,12780.00,19910.00,16840.00,0.0,37,330,180,350,700,2.10,0.70,3,NA,1.70,NA,3.0,0,4.99,NA,NA,,NA,53,0.17,0.09,12.5,1.56,0.58,94.0,53,0,0
504,UK-14-878,B505,"Peanuts, dry roasted",ukfct,2444,590,10.3,25.7,49.8,3.8,7.6,8900.00,22800.00,15500.00,0.0,52,420,190,790,730,2.10,0.64,3,NA,2.20,NA,3.3,0,1.11,NA,NA,0.31,NA,44,0.18,0.13,13.1,1.59,0.54,130.0,44,0,0
151,UK-14-197,E509,"Pears, canned in juice, whole contents",ukfct,141,33,8.5,0.3,Tr,8.5,N,Tr,Tr,Tr,0.0,6,10,5,3,81,0.20,Tr,Tr,NA,Tr,NA,0.1,0,Tr,NA,NA,,NA,4,0.01,0.01,0.2,0.04,0.03,0.2,4,3,Tr
,UK-13-881,G527,"Pepper, white",ukfct,N,N,N,10.4,2.1,N,26.2, 630.00, 790.00, 620.00,0.0,270,180,90,5,73,14.30,0.91,3,NA,4.30,NA,1.1,0,N,NA,NA,,NA,10,0.02,0.13,0.2,N,0.10,N,10,21,Tr
3776,UK-17-718,D506,"Pickle, sweet",ukfct,476,111,28.0,0.6,0.1,24.6,1.2,Tr,Tr,Tr,0.0,15,12,6,1130,94,0.60,Tr,N,NA,0.15,NA,0.1,0,N,NA,NA,,NA,Tr,0.03,0.01,0.1,N,0.01,Tr,Tr,Tr,250
,UK-14-286,V509,"Pineapple juice, unsweetened",ukfct,177,41,10.5,0.3,0.1,10.5,Tr,Tr,Tr,Tr,0.0,8,1,6,8,53,0.20,0.02,Tr,NA,0.70,NA,0.1,0,0.03,NA,NA,,NA,8,0.06,0.01,0.1,0.07,0.05,Tr,8,11,8
,UK-11-1016,X513,"Pizza base, raw",ukfct,1229,290,57.5,7.8,4.8,3.4,2.5,N,N,N,N,86,85,18,400,124,1.55,0.09,N,NA,0.45,NA,0.7,N,N,NA,NA,,NA,8,0.41,0.03,1.7,N,0.03,N,8,0,N
352,UK-11-788,A508,"Porridge oats, unfortified",ukfct,1614,381,70.7,10.9,8.1,0.3,7.8,1280.00,3110.00,3190.00,0.3,50,387,114,1,372,3.64,0.37,3,NA,3.66,NA,2.3,0,0.59,NA,NA,,NA,32,1.05,0.05,0.8,0.75,0.34,19.0,32,0,0
2203,UK-14-842,H518,Pumpkin seeds,ukfct,2345,565,15.2,24.4,45.6,1.1,N,7000.00,11200.00,21710.00,0.0,39,850,270,18,820,10.00,1.57,6,NA,N,NA,6.6,0,N,NA,NA,,NA,N,0.23,0.32,1.7,N,N,N,N,0,230
151,UK-14-249,E505,"Redcurrants, raw",ukfct,89,21,4.4,1.1,Tr,4.4,,N,N,N,0.0,36,30,13,2,280,1.20,0.12,N,NA,0.20,NA,0.2,0,0.10,NA,NA,,NA,N,0.04,0.06,0.1,0.06,0.05,2.6,N,40,25
,UK-13-882,G525,"Rosemary, dried",ukfct,1387,331,46.4,4.9,15.2,N,42.6,7370.00,3010.00,2340.00,0.0,1280,70,220,50,950,29.30,0.55,5,NA,1.87,NA,3.2,0,N,NA,NA,,NA,307,0.51,0.43,1.0,N,1.74,N,307,61,1880
,UK-13-852,G529,Saffron,ukfct,1298,310,61.5,11.4,5.9,42.4,,N,N,N,0.0,110,250,N,150,1720,11.10,0.33,N,NA,28.40,NA,N,0,N,NA,NA,,NA,0,N,N,N,N,N,N,0,0,N
,UK-11-023,I508,"Sago, raw",ukfct,1515,355,94.0,0.2,0.2,Tr,, 100.00, 100.00,Tr,0.0,10,29,3,3,5,1.20,0.03,N,NA,N,NA,N,0,Tr,NA,NA,,NA,Tr,Tr,Tr,Tr,Tr,Tr,Tr,Tr,0,0
,UK-19-517,O503,Salami,ukfct,1814,438,0.5,20.9,39.2,0.5,0.4,14600.00,17700.00,4400.00,83.0,11,170,18,1530,320,1.30,0.12,7,NA,0.04,NA,3.0,Tr,0.23,NA,NA,1.11,NA,3,0.60,0.23,5.6,1.66,0.36,7.0,3,N,Tr
,UK-17-367,G528,Salt,ukfct,0,0,0.0,0.0,0.0,0.0,0.0,   0.00,   0.00,   0.00,0.0,10,1,76,39300,89,0.30,0.08,N,NA,Tr,NA,0.1,0,0.00,NA,NA,,NA,0,0.00,0.00,0.0,0.00,0.00,0.0,0,0,0
,UK-17-627,X500,"Sauces, Indian cook in, other",ukfct,282,67,8.7,1.4,3.2,6.1,2.5, 500.00,1240.00,1280.00,N,33,32,18,300,236,1.02,0.09,1,NA,0.29,NA,0.2,0,2.34,NA,NA,,NA,11,0.03,0.03,0.8,0.31,0.08,3.2,11,3,384
1655,UK-19-657,O504,"Sausages, premium, raw",ukfct,1053,254,2.6,13.8,21.0,1.5,0.5,8170.00,8330.00,3480.00,63.0,160,160,14,500,190,1.00,0.06,N,NA,0.14,NA,1.2,Tr,0.90,NA,NA,,NA,7,0.05,0.11,3.0,0.84,0.16,3.0,7,14,Tr
,UK-14-844,G513,Sesame seeds,ukfct,2470,598,0.9,18.2,58.0,0.4,N,10480.00,22070.00,25500.00,0.0,670,720,370,20,570,10.40,1.46,N,NA,1.50,NA,5.3,0,2.53,NA,NA,,NA,97,0.93,0.17,5.0,2.14,0.75,11.0,97,0,6
3776,UK-13-342,G546,"Shallots, raw",ukfct,86,20,3.3,1.5,0.2,3.3,,Tr,Tr, 100.00,0.0,24,50,4,10,180,0.80,0.05,1,NA,0.10,NA,0.4,0,0.31,NA,NA,,NA,17,0.04,0.06,0.6,0.11,0.20,0.9,17,13,N
,UK-17-721,X501,"Soy sauce, light and dark varieties",ukfct,337,79,17.9,3.0,Tr,16.4,Tr,   0.00,   0.00,   0.00,0.0,17,47,37,5500,180,2.40,0.01,N,NA,0.18,NA,0.2,0,N,NA,NA,,NA,11,0.05,0.13,3.4,N,N,N,11,0,0
,UK-17-247,K502,"Spirits, 40% volume",ukfct,919,222,Tr,Tr,0.0,Tr,0.0,   0.00,   0.00,   0.00,0.0,Tr,Tr,Tr,Tr,Tr,Tr,Tr,Tr,NA,Tr,NA,Tr,0,0.00,NA,NA,Tr,NA,0,0.00,0.00,0.0,0.00,0.00,0.0,0,0,0
3776,UK-13-352,G547,"Spring onions, bulbs and tops, raw",ukfct,98,23,3.0,2.0,0.5,2.8,N, 100.00, 100.00, 200.00,0.0,39,29,12,7,260,1.90,0.06,N,NA,0.20,NA,0.4,0,N,NA,NA,,NA,54,0.05,0.03,0.5,0.07,0.13,N,54,26,620
3776,UK-13-351,G501,"Spring onions, bulbs only, raw",ukfct,151,35,8.5,0.9,Tr,8.5,,Tr,Tr,Tr,0.0,140,24,11,13,230,1.20,N,N,NA,N,NA,N,0,N,NA,NA,,NA,17,0.13,Tr,0.7,0.11,0.20,0.9,17,25,Tr
,UK-17-726,K506,"Stock cubes, chicken",ukfct,N,N,N,15.4,15.4,N,0.6,N,N,N,Tr,120,200,47,16300,400,4.90,0.10,N,NA,0.27,NA,1.2,N,N,NA,NA,,NA,N,N,N,N,N,N,N,N,0,N
,UK-17-727,K507,"Stock cubes, vegetable",ukfct,N,N,N,13.5,17.3,N,1.8,N,N,N,0.0,47,120,44,16800,390,2.80,0.05,N,NA,0.26,NA,0.4,0,N,NA,NA,,NA,N,N,N,N,N,N,N,N,0,N
,UK-17-060,I503,"Sugar, brown",ukfct,1623,380,101.3,0.1,0.0,101.3,0.0,   0.00,   0.00,   0.00,0.0,56,4,17,31,140,1.70,0.06,Tr,NA,Tr,NA,0.1,0,0.00,NA,NA,,NA,Tr,Tr,Tr,Tr,Tr,Tr,Tr,Tr,0,0
,UK-17-062,I504,"Sugar, icing",ukfct,1678,393,104.9,Tr,0.0,103.8,0.0,   0.00,   0.00,   0.00,0.0,2,1,Tr,12,11,0.50,0.05,Tr,NA,Tr,NA,0.1,0,0.00,NA,NA,,NA,0,0.00,0.00,0.0,0.00,0.00,0.0,0,0,0
,UK-17-063,I502,"Sugar, white",ukfct,1680,394,105.0,Tr,0.0,105.0,0.0,   0.00,   0.00,   0.00,0.0,10,1,2,5,5,0.20,0.12,Tr,NA,Tr,NA,0.1,0,0.00,NA,NA,,NA,0,0.00,0.00,0.0,0.00,0.00,0.0,0,0,0
151,UK-14-263,E506,Sultanas,ukfct,1171,275,69.4,2.7,0.4,69.4,N,N,N,N,0.0,64,86,31,19,1060,2.20,0.40,N,NA,0.30,NA,0.3,0,0.70,NA,NA,,NA,27,0.09,0.05,0.8,0.09,0.25,4.8,27,Tr,12
3776,UK-13-622,D503,"Sweetcorn, kernels, raw",ukfct,254,60,8.1,3.4,1.8,2.0,N, 200.00, 500.00, 700.00,0.0,3,91,37,1,260,0.70,0.04,Tr,NA,0.20,NA,0.4,0,0.33,NA,NA,,NA,41,0.16,0.05,1.9,0.73,0.02,N,41,8,23
,UK-17-064,I505,"Syrup, corn, dark",ukfct,1181,282,76.6,0.0,0.0,28.1,,   0.00,   0.00,   0.00,0.0,18,11,8,160,44,0.40,Tr,Tr,NA,Tr,NA,Tr,0,0.00,NA,NA,,NA,0,0.01,0.01,0.0,0.02,0.01,0.0,0,0,0
,UK-17-165,V510,"Tea, black, infusion, average",ukfct,2,Tr,Tr,0.1,Tr,Tr,0.0,Tr,Tr,Tr,0.0,Tr,2,2,Tr,27,Tr,0.01,Tr,NA,0.15,NA,Tr,0,N,NA,NA,0.27,NA,3,Tr,0.02,0.0,0.04,Tr,1.0,3,0,0
,UK-17-171,V511,"Tea, green, infusion",ukfct,Tr,Tr,Tr,0.1,0.0,Tr,0.0,   0.00,   0.00,   0.00,0.0,2,1,Tr,1,20,0.10,Tr,Tr,NA,Tr,NA,Tr,0,N,NA,NA,,NA,Tr,0.00,0.02,0.1,Tr,Tr,Tr,Tr,3,0
,UK-13-883,G531,"Thyme, dried, ground",ukfct,1156,276,45.3,9.1,7.4,1.7,37.0,2700.00, 500.00,1200.00,0.0,1890,200,220,55,810,123.60,0.86,5,NA,7.87,NA,6.2,0,N,NA,NA,,NA,274,0.51,0.40,4.9,N,0.55,N,274,50,2280
,UK-13-570,B506,"Tofu, soya bean, steamed",ukfct,304,73,0.7,8.1,4.2,0.3,N, 500.00, 800.00,2000.00,0.0,N,95,23,4,63,1.20,0.20,N,NA,0.40,NA,0.7,0,0.95,NA,NA,,NA,15,0.06,0.02,0.1,0.05,0.07,N,15,0,2
,UK-17-709,X503,Tomato ketchup,ukfct,489,115,28.6,1.6,0.1,27.5,0.9,Tr,Tr,Tr,0.0,13,31,19,800,350,0.30,0.05,N,NA,0.10,NA,0.1,0,N,NA,NA,,NA,1,1.00,0.09,2.1,N,0.03,N,1,2,473
,UK-13-531,X504,Tomato puree,ukfct,287,67,12.9,4.4,0.2,12.9,4.7,  40.00,  20.00,  70.00,0.0,45,94,57,49,1257,1.45,0.41,1,NA,0.34,NA,0.6,0,5.22,NA,NA,,NA,39,0.98,0.12,3.6,0.11,0.28,6.3,39,43,1754
,UK-50-1173,X505,"Tomato sauce, homemade",ukfct,374,89,8.6,2.2,5.5,4.0,,1800.00,2200.00,1100.00,10.0,19,39,10,340,280,0.60,0.03,1,NA,0.10,NA,0.3,26,1.47,NA,NA,,NA,9,0.11,0.02,1.2,0.22,0.14,1.2,9,8,1070
3776,UK-13-519,D502,"Tomatoes, cherry, raw",ukfct,94,22,3.6,1.1,0.5,3.6,1.3, 100.00, 100.00, 200.00,0.0,10,31,12,4,274,0.34,0.05,Tr,NA,0.12,NA,0.2,0,0.89,NA,NA,,NA,24,0.05,0.02,0.4,0.19,0.06,1.8,24,15,479
3456,UK-13-389,F501,"Turnip, flesh only, raw",ukfct,98,23,4.7,0.9,0.3,4.5,,Tr,Tr, 200.00,0.0,48,41,8,15,280,0.20,0.01,1,NA,0.10,NA,0.1,0,Tr,NA,NA,0.15,NA,14,0.05,0.01,0.4,0.20,0.08,0.1,14,17,20
,UK-17-339,G532,Vinegar,ukfct,89,22,0.6,0.4,0.0,0.6,0.0,   0.00,   0.00,   0.00,0.0,3,10,4,5,34,0.10,0.01,1,NA,0.01,NA,0.1,0,0.00,NA,NA,,NA,0,0.00,0.00,0.0,0.00,0.00,0.0,0,0,0
,UK-11-800,U509,"Wafers, plain ice cream wafers, not filled",ukfct,1565,368,79.7,10.5,3.0,3.5,3.4, 590.00, 950.00,1310.00,4.1,89,129,28,192,195,2.30,0.12,7,NA,0.92,NA,1.2,0,0.42,NA,NA,,NA,14,0.08,0.02,1.6,0.53,0.04,8.9,14,0,0
,UK-17-377,K505,"Water, distilled",ukfct,0,0,0.0,0.0,0.0,0.0,0.0,   0.00,   0.00,   0.00,0.0,0,0,0,0,0,0.00,0.00,0,NA,0.00,NA,0.0,0,0.00,NA,NA,,NA,0,0.00,0.00,0.0,0.00,0.00,0.0,0,0,0
3006,UK-13-669,C502,"Watercress, raw",ukfct,43,10,Tr,1.9,0.3,Tr,1.5,  90.00,  30.00, 120.00,0.0,138,61,16,37,300,0.72,0.05,1,NA,0.34,NA,0.5,0,1.46,NA,NA,315.00,NA,43,0.16,0.06,0.3,0.10,0.23,0.4,43,62,1589
,UK-17-779,X506,"White sauce, savoury, made with whole milk, homemade",ukfct,660,158,11.6,4.4,10.8,4.9,0.3,6800.00,2780.00, 350.00,30.4,136,113,14,105,182,0.18,0.01,1,NA,0.06,NA,0.6,118,0.25,NA,NA,,NA,5,0.04,0.23,0.2,0.52,0.06,2.8,5,1,65
,UK-17-723,X507,Worcestershire sauce,ukfct,480,113,28.3,1.4,0.1,21.5,Tr,Tr,Tr,Tr,0.0,190,31,73,1500,600,10.10,0.21,1,NA,0.98,NA,0.4,0,N,NA,NA,,NA,1,Tr,0.01,0.4,N,N,N,1,0,8
,UK-17-517,G534,Yeast extract,ukfct,763,180,3.5,40.7,0.4,1.6,0.0,N,N,N,0.0,70,950,160,4300,2100,2.90,0.20,N,NA,0.19,NA,2.7,0,N,NA,NA,,NA,2620,4.10,11.90,64.0,N,1.60,N,2620,0,0
,UK-12-184,L520,"Yogurt, whole milk, plain",ukfct,333,79,7.8,5.7,3.0,7.8,0.0,1910.00, 790.00, 100.00,11.0,200,170,19,80,280,0.10,Tr,2,NA,Tr,NA,0.7,28,0.05,NA,NA,,NA,18,0.06,0.27,0.2,0.50,0.10,2.6,18,1,21
,US-806341,G536,AJWAIN SEED WHOLE ORGANIC SPICES,usda,995.792,238,47.62,23.81,0,0,47.6,620,NA,NA,0,667,NA,NA,0,1333,16.19,NA,NA,NA,NA,NA,NA,NA,NA,NA,NA,NA,NA,NA,NA,NA,NA,NA,NA,NA,NA,NA,NA
,US-945506,A513,"ALMOND FLOUR, ALMOND",usda,2389.064,571,21.43,21.43,50,7.14,14.3,3570,NA,NA,NA,271,NA,271,NA,736,3.57,NA,NA,NA,NA,NA,NA,NA,26,NA,NA,NA,NA,0,NA,NA,NA,NA,NA,NA,0,NA,NA
,US-476436,H507,ALMOND MILK,usda,71.128,17,0.83,0.42,1.25,0.42,0.4,0,830,210,0,42,NA,NA,75,79,0.15,NA,NA,NA,NA,NA,NA,NA,NA,NA,NA,NA,NA,NA,NA,NA,NA,NA,NA,NA,NA,0,NA
,US-503149,G539,BALSAMIC VINEGAR,usda,418.4,100,20,0,0,20,NA,NA,NA,NA,NA,NA,NA,NA,0,NA,NA,NA,NA,NA,NA,NA,NA,NA,NA,NA,NA,NA,NA,NA,NA,NA,NA,NA,NA,NA,NA,NA,NA
504,US-1862058,B507,BLACK BEANS,usda,230.12,55,15.8,3.94,0.79,NA,5.5,0,NA,NA,0,31,NA,NA,496,NA,1.13,NA,NA,NA,NA,NA,NA,NA,NA,NA,NA,NA,NA,NA,NA,NA,NA,NA,NA,NA,NA,4.7,NA
431,US-2106513,A509,BLACK RICE,usda,1556.448,372,79.1,11.6,3.49,2.33,4.7,0,NA,NA,0,0,NA,NA,0,NA,1.67,NA,NA,NA,NA,NA,NA,NA,NA,NA,NA,NA,NA,NA,NA,NA,NA,NA,NA,NA,NA,0,NA
,US-627292,X517,"CAJUN SEASONING, CAJUN",usda,0,0,0,0,0,0,NA,0,NA,NA,0,0,NA,NA,25556,NA,0,NA,NA,NA,NA,NA,NA,NA,NA,NA,NA,NA,NA,NA,NA,NA,NA,NA,NA,NA,NA,0,NA
,US-169061,I510,"Candies, gum drops, no sugar or low calorie (sorbitol)",usda,1480,354,88.1,0,0.2,70,0,34,92,64,0,0,0,0,7,NA,0,0,0.5,NA,NA,NA,0,0,0,0,0,0,0,0,0,0,0,0,0,0,0,0,0
3456,US-172238,G542,"Capers, canned",usda,96,23,4.89,2.36,0.86,0.41,3.2,233,63,304,0,40,10,33,2350,40,1.67,0.374,1.2,NA,0.078,NA,0.32,0,0.88,0,0,NA,NA,23,0.018,0.139,0.652,0.027,0.023,NA,23,4.3,83
1,US-1098072,L501,"Cheese spread, cream cheese, regular",usda,1234.28,295,3.5,7.1,28.6,3.5,0,18020,8071,1033,90,71,91,6,436,112,1.13,0.015,2.7,NA,NA,NA,0.51,300,0.77,NA,NA,NA,NA,12,0.02,0.19,0.95,NA,0.04,NA,12,0,19
1,US-169079,L518,"Cheese, cream, low fat",usda,66.7,208,6.73,7.85,16.7,3.3,0,10000,4000,575,54,148,152,8,317,247,0.17,0.032,4,NA,0.011,NA,0.57,160,0.27,NA,0.3,NA,5.4,19,0.04,0.185,0.125,0.845,0.045,NA,19,0,11
1,US-170850,L513,"Cheese, provolone",usda,1470,351,2.14,25.6,26.6,0.56,0,17100,7390,769,69,756,496,28,727,138,0.52,0.026,14.5,NA,0.01,NA,3.23,230,0.23,NA,0.5,2.2,NA,10,0.019,0.321,0.156,0.476,0.073,NA,10,0,68
2203,US-1100612,H506,Chia seeds,usda,2234.256,534,28.88,18.29,42.16,1.55,27.3,3663,7527,28730,0,255,642,392,30,813,5.73,1.22,25.4,NA,NA,NA,4.34,0,0.31,NA,NA,4.3,NA,87,1.644,0.161,3.08,NA,0.473,NA,87,0.6,651
504,US-173756,B509,"Chickpeas (garbanzo beans, bengal gram), mature seeds, raw",usda,1580,378,63,20.5,6.04,10.7,12.2,603,1380,2730,0,57,252,79,24,718,4.31,0.656,0,NA,4.15,NA,2.76,0,0.82,NA,NA,9,NA,557,0.477,0.212,1.54,1.59,0.535,NA,557,4,40
,US-473921,A510,CRACKED WHEAT,usda,1464.4,350,75,12.5,1.25,0,12.5,0,NA,NA,0,50,NA,NA,0,NA,4.5,NA,NA,NA,NA,NA,NA,NA,NA,NA,NA,NA,NA,NA,NA,NA,NA,NA,NA,NA,NA,0,NA
,US-170857,L515,"Cream, fluid, light (coffee cream or table cream)",usda,815,195,3.66,2.96,19.1,3.67,0,10200,4520,789,59,91,92,9,72,136,0.05,0.012,4.6,NA,0.005,NA,0.32,117,0.12,0,1.1,1.7,NA,2,0.023,0.19,0.09,0.44,0.044,NA,2,0.8,37
,US-463153,X518,CREAMED CORN,usda,665.256,159,17.7,3.54,7.96,5.31,1.8,4420,NA,NA,27,53,NA,NA,186,NA,0.32,NA,NA,NA,NA,NA,0,0.265,NA,NA,NA,NA,NA,0,NA,NA,NA,NA,NA,NA,0,3.2,NA
,US-1860491,X515,"DIJON MUSTARD, DIJON",usda,418.4,100,0,0,0,0,0,0,0,0,0,0,NA,NA,2400,200,0,NA,NA,NA,NA,NA,NA,NA,NA,NA,NA,NA,NA,NA,NA,NA,NA,NA,NA,NA,NA,0,NA
151,US-604150,E514,DRIED MANGO,usda,1464.4,350,85,0,0,67.5,2.5,0,NA,NA,0,0,NA,NA,175,275,0,NA,NA,NA,NA,NA,NA,NA,NA,NA,NA,NA,NA,NA,NA,NA,NA,NA,NA,NA,NA,0,NA
3456,US-1979740,G548,"GINGER JUICE, GINGER",usda,280.328,67,16.67,0,0,0,0,0,0,NA,0,17,NA,NA,0,417,0,NA,NA,NA,NA,NA,NA,NA,NA,NA,NA,NA,NA,NA,NA,NA,NA,NA,NA,NA,NA,NA,NA
151,US-173030,E515,"Gooseberries, raw",usda,184.096,44,10.2,0.88,0.58,NA,4.3,38,51,317,0,25,27,10,1,198,0.31,0.07,0.6,NA,0.144,NA,0.12,0,0.37,NA,NA,NA,NA,6,0.04,0.03,0.3,0.286,0.08,NA,6,27.7,0
,US-806241,G540,HIMALAYAN BLACK SALT,usda,0,0,0,0,0,0,0,0,NA,NA,0,0,NA,NA,38182,0,0,NA,NA,NA,NA,NA,0,NA,NA,NA,NA,NA,NA,NA,NA,NA,NA,NA,NA,NA,NA,NA,NA
301,US-576790,U506,HOT DOG BUNS,usda,1025.08,245,45.28,9.43,2.83,5.66,1.9,940,0,0,NA,30,NA,NA,434,72,1.89,NA,NA,NA,NA,NA,0,NA,NA,NA,NA,NA,NA,NA,NA,NA,NA,NA,NA,NA,NA,NA,NA
,US-499195,W504,JAM,usda,836.8,200,50,0,0,45,0,0,NA,NA,0,0,NA,NA,0,NA,0,NA,NA,NA,NA,NA,0,NA,NA,NA,NA,NA,NA,NA,NA,NA,NA,NA,NA,NA,NA,NA,NA
3456,US-168573,G551,"Lemon grass (citronella), raw",usda,414,99,25.3,1.82,0.49,NA,NA,119,54,170,0,65,101,60,6,723,8.17,0.266,0.7,NA,NA,NA,2.23,0,NA,NA,NA,NA,NA,75,0.065,0.135,1.1,0.05,0.08,NA,75,2.6,3
151,US-167749,G550,"Lemon peel, raw",usda,197,47,16,1.5,0.3,4.17,10.6,39,11,89,0,134,12,15,6,160,0.8,0.092,0.7,NA,NA,NA,0.25,0,0.25,NA,NA,0,NA,13,0.06,0.08,0.4,0.319,0.172,NA,13,129,121
,US-2015108,T504,MARGARINE,usda,2987.376,714,0,0,78.57,NA,NA,21400,21400,35700,0,NA,NA,NA,750,NA,NA,NA,NA,NA,NA,NA,NA,NA,NA,NA,NA,NA,NA,NA,NA,NA,NA,NA,NA,NA,NA,NA,NA
2151,US-172225,L521,"Milk, buttermilk, fluid, whole",usda,260,62,4.88,3.21,3.31,4.88,0,1900,827,0,11,115,85,10,105,135,0.03,0.025,3.7,NA,0.004,NA,0.38,46,0.07,NA,1.3,0.3,NA,5,0.047,0.172,0.09,0.38,0.036,NA,5,0,7
2151,US-170877,L516,"Milk, dry, nonfat, regular, without added vitamin A and vitamin D",usda,1520,362,52,36.2,0.77,52,0,499,201,30,20,1260,968,110,535,1790,0.32,0.041,27.3,NA,NA,NA,4.08,6,0,NA,0,0.1,NA,50,0.415,1.55,0.951,3.57,0.361,NA,50,6.8,1
2203,US-851134,H505,"MIXED NUTS CASHEWS, ALMONDS, HAZELNUTS, PISTACHIOS, PECANS, MIXED NUTS",usda,2539.688,607,25,17.86,50,3.57,7.1,7140,NA,NA,NA,143,NA,NA,286,714,5.36,NA,NA,NA,NA,NA,NA,NA,NA,NA,NA,NA,NA,NA,NA,NA,NA,NA,NA,NA,NA,NA,NA
,US-711552,G541,MSG MONOSODIUM GLUTAMATE,usda,0,0,0,0,0,NA,NA,NA,NA,NA,NA,NA,NA,NA,12500,NA,NA,NA,NA,NA,NA,NA,NA,NA,NA,NA,NA,NA,NA,NA,NA,NA,NA,NA,NA,NA,NA,NA,NA
,US-461985,X514,MUSTARD SAUCE,usda,2690.312,643,3.57,3.57,71.43,0,0,12500,NA,NA,89,0,NA,NA,714,NA,1.29,NA,NA,NA,NA,NA,0,0.357,NA,NA,NA,NA,NA,NA,NA,NA,NA,NA,NA,NA,NA,0,NA
2203,US-170174,H508,"Nuts, coconut water (liquid from coconuts)",usda,79,19,3.71,0.72,0.2,2.61,1.1,176,8,2,0,24,20,25,105,250,0.29,0.04,1,NA,0.142,NA,0.1,0,0,NA,NA,0,NA,3,0.03,0.057,0.08,0.043,0.032,NA,3,2.4,0
,US-172337,T510,"Oil, mustard",usda,3700,884,0,0,100,NA,0,11600,59200,21200,NA,0,0,0,0,0,0,0,0,NA,0,0,0,0,NA,NA,NA,NA,NA,0,0,0,0,0,0,NA,0,0,NA
151,US-169103,G552,"Orange peel, raw",usda,405,97,25,1.5,0.2,NA,10.6,24,36,40,0,161,21,22,3,212,0.8,0.092,1,NA,NA,NA,0.25,0,0.25,NA,NA,NA,NA,30,0.12,0.09,0.9,0.49,0.176,0,30,136,NA
151,US-168576,G549,"Peppers, jalapeno, raw",usda,119,29,6.5,0.91,0.37,4.12,2.8,92,29,112,0,12,26,15,3,248,0.25,0.046,0.4,NA,0.097,NA,0.14,0,3.58,NA,NA,18.5,NA,27,0.04,0.07,1.28,0.315,0.419,0,27,119,1594
3776,US-395417,D507,PITTED BLACK OLIVES,usda,556.472,133,6.67,0,13.33,0,0,3330,NA,NA,0,0,NA,NA,800,NA,4.8,NA,NA,NA,NA,NA,NA,NA,NA,NA,NA,NA,NA,NA,NA,NA,NA,NA,NA,NA,NA,0,NA
151,US-167755,E513,"Raspberries, raw",usda,220,52,11.9,1.2,0.65,4.42,6.5,19,64,375,0,25,29,22,1,151,0.69,0.09,0.2,NA,0.67,NA,0.42,0.002,0.87,NA,NA,7.8,NA,21,0.032,0.038,0.598,0.329,0.055,NA,21,26.2,164
,US-499035,G543,RICE VINEGAR,usda,0,0,0,0,0,0,NA,NA,NA,NA,0,NA,NA,NA,NA,NA,NA,NA,NA,NA,NA,NA,NA,NA,NA,NA,NA,NA,NA,NA,NA,NA,NA,NA,NA,NA,NA,NA,NA
504,US-585551,B511,ROASTED CHICKPEAS,usda,1196.624,286,60.71,17.86,7.14,3.57,21.4,0,NA,NA,0,36,NA,NA,679,821,4.64,NA,NA,NA,NA,NA,0,NA,NA,NA,NA,NA,NA,NA,NA,NA,NA,NA,NA,NA,NA,NA,NA
2203,US-170149,H503,"Seeds, lotus seeds, dried",usda,1390,332,64.5,15.4,1.97,NA,NA,330,388,1170,0,163,626,210,5,1370,3.53,0.35,NA,NA,2.32,NA,1.05,0,NA,NA,NA,NA,NA,104,0.64,0.15,1.6,0.851,0.629,NA,104,0,NA
,US-400113,G535,"SIVA'S, AMHUR POWDER (DRY MANGO POWDER)",usda,1506.24,360,90,0,0,0,20,0,NA,NA,0,200,NA,NA,3000,NA,0,NA,NA,NA,NA,NA,NA,NA,NA,NA,NA,NA,NA,NA,NA,NA,NA,NA,NA,NA,NA,12,NA
,US-1097906,L514,"Sour cream, regular",usda,828.432,198,4.63,2.44,19.35,3.41,0,10140,4594,800,59,101,76,10,31,125,0.07,0.018,3.7,NA,NA,NA,0.33,121,0.38,NA,NA,1.5,NA,6,0.02,0.168,0.093,NA,0.041,NA,6,0.9,30
504,US-174270,B508,"Soybeans, mature seeds, raw",usda,1870,446,30.2,36.5,19.9,7.33,9.3,2880,4400,11300,0,277,704,280,2,1800,15.7,1.66,17.8,NA,2.52,NA,4.89,0,0.85,NA,NA,47,NA,375,0.874,0.87,1.62,0.793,0.377,NA,375,6,13
,US-171327,G555,"Spices, onion powder",usda,1430,341,79.1,10.4,1.04,6.63,15.2,219,202,310,0,384,322,113,73,985,3.9,0.59,14.3,NA,1.3,,4.05,0,NA,NA,NA,4.1,NA,64,0.457,0.08,0.321,0.732,0.718,NA,64,23.4,0
,US-384277,G537,STAR ANISE,usda,0,0,0,0,0,NA,NA,NA,NA,NA,NA,NA,NA,NA,0,NA,NA,NA,NA,NA,NA,NA,NA,NA,NA,NA,NA,NA,NA,NA,NA,NA,NA,NA,NA,NA,NA,NA,NA
,US-490013,W505,STRAWBERRY JAM,usda,941.4,225,60,0,0,35,0,0,NA,NA,0,5,NA,NA,0,40,0,NA,NA,NA,NA,NA,NA,NA,NA,NA,NA,NA,NA,NA,NA,NA,NA,NA,NA,NA,NA,NA,NA
,US-468991,A512,"SWEET SUNNAH, WHOLE BLACK SEEDS NIGELLA SATIVA",usda,1673.6,400,50,16.67,33.33,0,0,0,NA,NA,0,0,NA,NA,0,NA,12,NA,NA,NA,NA,NA,NA,NA,NA,NA,NA,NA,NA,NA,NA,NA,NA,NA,NA,NA,NA,0,NA
,US-695922,I511,"TUTTI FRUTTI GUMBALLS, TUTTI FRUTTI",usda,2092,500,100,0,0,66.67,0,0,NA,NA,0,0,NA,NA,0,0,0,NA,NA,NA,NA,NA,NA,NA,NA,NA,NA,NA,NA,NA,NA,NA,NA,NA,NA,NA,NA,NA,NA
,US-173471,G544,Vanilla extract,usda,1200,288,12.6,0.06,0.06,12.6,0,10,10,4,0,11,6,12,9,148,0.12,0.072,0,NA,0.23,NA,0.11,0,0,NA,NA,0,NA,0,0.011,0.095,0.425,0.035,0.026,0,0,0,0
,US-172237,G538,"Vinegar, distilled",usda,76,18,0.04,0,0,0.04,0,0,0,0,0,6,4,1,2,2,0.03,0.006,0.5,NA,0.055,NA,0.01,0,0,NA,NA,0,NA,0,0,0,0,0,0,0,0,0,0
,US-170885,L517,"Whey, acid, fluid",usda,100,24,5.12,0.76,0.09,5.12,0,57,25,4,1,103,78,10,48,143,0.08,0.03,1.8,NA,0.002,NA,0.43,2,0,NA,NA,0,NA,2,0.042,0.14,0.079,0.381,0.042,NA,2,0.1,NA
301,US-534237,U507,WHITE HAMBURGER BUNS,usda,1071.104,256,48.84,9.3,3.49,6.98,2.3,0,0,2330,0,47,NA,NA,465,NA,2.51,NA,NA,NA,NA,NA,NA,NA,NA,NA,NA,NA,NA,93,1,0.316,4.651,NA,NA,NA,93,0,NA
301,US-492422,U508,WHOLE WHEAT HAMBURGER BUNS,usda,1025.08,245,45.28,11.32,3.77,5.66,5.7,0,0,1890,0,75,NA,NA,453,NA,2.04,NA,NA,NA,NA,NA,0,0,NA,NA,NA,NA,NA,0,0,0.128,3.019,0,NA,NA,0,0,NA